timestamp,tool,file_path,action,details
2026-05-07 19:30:32,apply_patch,docs/codex-diff-viewer-demo.md,patched,
2026-05-07 19:30:32,apply_patch,docs/codex-diff-viewer-demo.md,patched,
2026-05-07 19:30:37,Bash,-,executed,"sed -n '1,260p' phase2_workspace_diff.md"
2026-05-07 19:30:48,Bash,-,executed,"sed -n '1,200p' extensions/ad_hoc/instructions.md"
2026-05-07 19:30:48,Bash,-,executed,"sed -n '1,260p' MEMORY.md"
2026-05-07 19:30:48,Bash,-,executed,"sed -n '1,240p' memory_summary.md"
2026-05-07 19:31:01,Bash,-,executed,"sed -n '1,240p' rollout_summaries/2026-05-06T16-24-20-U5PA-gog_default_account_gog_account_zshrc.md"
2026-05-07 19:31:01,Bash,-,executed,"sed -n '1,260p' rollout_summaries/2026-05-07T15-21-48-ppG1-recallai_chrome_extension_standalone_and_whisper_capability.md"
2026-05-07 19:31:01,Bash,-,executed,"sed -n '1,320p' rollout_summaries/2026-05-07T15-51-44-GrjB-find_goals_session_and_patch_codex_desktop.md"
2026-05-07 19:31:01,Bash,-,executed,"sed -n '1,320p' rollout_summaries/2026-05-07T15-41-39-f9uW-codex_desktop_goals_helper_and_signed_app_feasibility.md"
2026-05-07 19:31:07,Bash,-,executed,"sed -n '100,180p' MEMORY.md"
2026-05-07 19:31:31,Bash,-,executed,"sed -n '1,120p' MEMORY.md"
2026-05-07 19:31:32,Bash,-,executed,"sed -n '1,80p' raw_memories.md | cat"
2026-05-07 19:32:43,apply_patch,/Users/am.will/.codex/memories/MEMORY.md,patched,
2026-05-07 19:32:43,apply_patch,/Users/am.will/.codex/memories/MEMORY.md,patched,
